{"cameraMode":{"drawMode":0,"name":"Shaded","section":"Shading Mode"},"sceneLighting":true,"audioPlay":false,"sceneViewState":{"showFog":false,"showMaterialUpdate":false,"showSkybox":false,"showFlares":false,"showImageEffects":true,"showParticleSystems":true},"in2DMode":false,"pivot":{"x":1.2050483226776124,"y":1.537888526916504,"z":-4.433050155639648},"rotation":{"x":-0.19361761212348939,"y":0.5712957978248596,"z":-0.14090189337730409,"w":-0.7850350141525269},"size":1.8688454627990723,"orthographic":false}